{
  "by_model": {
    "custom_logreg": {
      "accuracy": 0.8528428093645485,
      "precision": 0.8095238095238095,
      "recall": 0.7083333333333334,
      "f1": 0.7555555555555555,
      "roc_auc": 0.8698686371100165
    },
    "sk_logreg": {
      "accuracy": 0.8528428093645485,
      "precision": 0.8095238095238095,
      "recall": 0.7083333333333334,
      "f1": 0.7555555555555555,
      "roc_auc": 0.8693555008210181
    },
    "random_forest": {
      "accuracy": 0.959866220735786,
      "precision": 1.0,
      "recall": 0.875,
      "f1": 0.9333333333333333,
      "roc_auc": 0.8981424466338259
    },
    "xgboost": {
      "accuracy": 1.0,
      "precision": 1.0,
      "recall": 1.0,
      "f1": 1.0,
      "roc_auc": 0.8973727422003284
    }
  },
  "best_model": "random_forest"
}